<keymap version="1" name="Eclipse copy" parent="Eclipse">
  <action id="$Redo" />
  <action id="ActivateBookmarksToolWindow" />
  <action id="Back">
    <keyboard-shortcut first-keystroke="alt left" />
  </action>
  <action id="CompareTwoFiles" />
  <action id="Diff.ShowDiff" />
  <action id="EditorDeleteLine">
    <keyboard-shortcut first-keystroke="ctrl y" />
  </action>
  <action id="EditorDuplicateLines">
    <keyboard-shortcut first-keystroke="ctrl d" />
  </action>
  <action id="FileChooser.GotoDesktop" />
  <action id="FindInPath">
    <keyboard-shortcut first-keystroke="alt 2" />
  </action>
  <action id="Forward">
    <keyboard-shortcut first-keystroke="alt right" />
  </action>
  <action id="SendEOF" />
</keymap>